Takim,Sezon,Kadro_Sayisi,Ortalama_Yas,Yabanci_Oyuncu_Sayisi,Ortalama_Piyasa_Degeri_Euro,Toplam_Piyasa_Degeri_Euro
Fenerbahçe,2004-2005,27,25.3,6,3360000,90600000
Galatasaray,2004-2005,32,26.5,10,2490000,79650000
Beşiktaş,2004-2005,33,27,8,2310000,76250000
Trabzonspor,2004-2005,29,25.2,7,2190000,63600000
Gençlerbirliği,2004-2005,33,25.9,7,1420000,46950000
Gaziantepspor,2004-2005,32,24.8,6,1210000,38600000
Konyaspor,2004-2005,29,28.2,8,1280000,37250000
Samsunspor,2004-2005,37,25.9,8,936000,34650000
Malatyaspor,2004-2005,32,26.3,9,1060000,33950000
Ankaragücü,2004-2005,42,25.5,10,780000,32759999.999999996
BB Ankaraspor,2004-2005,37,25.9,8,885000,32750000
Kayserispor,2004-2005,38,26.6,8,790000,30030000
İstanbulspor,2004-2005,34,26,9,810000,27550000
Denizlispor,2004-2005,30,25.7,7,908000,27240000
A.Sebatspor,2004-2005,36,27.2,5,742000,26730000
Diyarbakırspor,2004-2005,31,27.5,7,740000,22930000
Ç. Rizespor,2004-2005,29,26.5,7,788000,22850000
Sakaryaspor,2004-2005,32,25.6,7,464000,14850000
Fenerbahçe,2005-2006,25,25.8,5,2920000,73000000
Beşiktaş,2005-2006,40,26,9,1740000,69650000
Galatasaray,2005-2006,35,25.2,6,1860000,64950000
Trabzonspor,2005-2006,35,25.2,9,1830000,64140000
Ankaraspor,2005-2006,39,25.7,8,834000,32530000
Gaziantepspor,2005-2006,39,24.7,11,826000,32200000.000000004
Denizlispor,2005-2006,35,26.3,9,834000,29210000
Konyaspor,2005-2006,31,26.8,7,920000,28520000
Ankaragücü,2005-2006,43,26,10,632000,27160000
Samsunspor,2005-2006,37,25.9,11,697000,25790000
Gençlerbirliği,2005-2006,34,24.9,9,755000,25680000
Malatyaspor,2005-2006,37,25.8,10,678000,25080000
Kayserispor,2005-2006,34,24.1,6,689000,23430000
Manisaspor,2005-2006,41,25.3,9,558000,22870000
K. Erciyesspor,2005-2006,33,27.2,8,690000,22760000
Diyarbakırspor,2005-2006,38,28,8,578000,21980000
Sivasspor,2005-2006,34,26.5,9,622000,21150000
Ç. Rizespor,2005-2006,34,26.3,9,512000,17420000
Fenerbahçe,2006-2007,34,26,7,3360000,114200000
Galatasaray,2006-2007,33,26,6,2330000,76880000
Beşiktaş,2006-2007,31,24.2,7,2260000,70070000
Trabzonspor,2006-2007,30,26.5,9,2250000,67400000
Ankaraspor,2006-2007,35,25.2,8,1140000,39900000
Ankaragücü,2006-2007,37,25.3,7,1020000,37790000
Sivasspor,2006-2007,35,27.1,10,1060000,37150000
Manisaspor,2006-2007,35,24.3,8,1060000,37100000
Sakaryaspor,2006-2007,42,26,8,873000,36650000
Konyaspor,2006-2007,32,26.3,11,1140000,36450000
Kayserispor,2006-2007,31,25.9,9,1150000,35650000
Gençlerbirliği,2006-2007,32,24.3,8,1110000,35530000
K. Erciyesspor,2006-2007,34,27.2,8,1040000,35350000
Gaziantepspor,2006-2007,31,26.1,9,1080000,33400000
Bursaspor,2006-2007,31,25.6,4,966000,29950000
Denizlispor,2006-2007,35,26.3,9,855000,29930000
Ç. Rizespor,2006-2007,39,25.5,9,667000,26000000
Antalyaspor,2006-2007,29,26.8,7,877000,25440000
Fenerbahçe,2007-2008,32,25.8,9,2980000,95200000
Galatasaray,2007-2008,33,25.1,8,2620000,86350000
Beşiktaş,2007-2008,37,24.9,10,2110000,78200000
Trabzonspor,2007-2008,34,26.4,8,1640000,55900000
Manisaspor,2007-2008,37,25,11,1240000,46000000
Sivasspor,2007-2008,36,25.6,12,1220000,43850000
Ankaraspor,2007-2008,39,25.5,9,1120000,43700000
Büyükşehir Bld,2007-2008,34,27.2,7,1180000,39950000
Kayserispor,2007-2008,30,25.1,6,1280000,38500000
Bursaspor,2007-2008,42,24.9,12,888000,37300000
Konyaspor,2007-2008,35,26,13,1060000,37050000
Gaziantepspor,2007-2008,41,26.2,11,878000,36000000
Gençlerbirliği,2007-2008,42,24.7,12,854000,35850000
Denizlispor,2007-2008,36,25.6,8,888000,31950000
Ankaragücü,2007-2008,38,25.9,11,809000,30750000
Ç. Rizespor,2007-2008,42,25.4,8,699000,29350000
GB Oftaşspor,2007-2008,36,23.5,8,763000,27450000
Kasımpaşa,2007-2008,38,26.5,9,584000,22200000
Galatasaray,2008-2009,33,26,8,3620000,119600000
Fenerbahçe,2008-2009,36,25.9,10,2970000,106750000
Beşiktaş,2008-2009,28,26.9,12,2980000,83550000
Trabzonspor,2008-2009,28,24.7,9,2040000,57250000
Sivasspor,2008-2009,35,26.5,10,1050000,36700000
Ankaraspor,2008-2009,34,25.2,11,1040000,35380000
Kayserispor,2008-2009,31,25.1,9,1080000,33549999.999999996
Ankaragücü,2008-2009,40,26.4,7,749000,29950000
Bursaspor,2008-2009,37,25.8,12,797000,29500000
Gençlerbirliği,2008-2009,37,25,10,738000,27300000
Konyaspor,2008-2009,35,27.4,10,769000,26900000
Kocaelispor,2008-2009,47,27.3,12,570000,26800000
Gaziantepspor,2008-2009,33,25,7,798000,26350000
Eskişehirspor,2008-2009,37,25.9,8,674000,24950000
Büyükşehir Bld,2008-2009,31,26.4,7,803000,24900000
Denizlispor,2008-2009,35,25.7,12,623000,21800000
Hacettepe,2008-2009,39,24.1,13,546000,21300000
Antalyaspor,2008-2009,35,26.7,9,593000,20750000
Galatasaray,2009-2010,50,24.6,11,2580000,129230000
Fenerbahçe,2009-2010,32,26.2,9,3730000,119450000
Beşiktaş,2009-2010,34,26.1,13,2750000,93600000
Trabzonspor,2009-2010,30,25.8,9,2230000,66950000
Bursaspor,2009-2010,35,25.9,10,1480000,51750000
Ankaragücü,2009-2010,57,26.2,19,784000,44700000
Kayserispor,2009-2010,34,24.4,10,1130000,38500000
Sivasspor,2009-2010,38,26.3,12,886000,33650000
Gaziantepspor,2009-2010,34,26.6,11,954000,32450000.000000004
Gençlerbirliği,2009-2010,33,24.6,12,879000,29000000
Eskişehirspor,2009-2010,38,25.5,8,650000,24700000
Büyükşehir Bld,2009-2010,32,26.7,7,750000,24000000
Antalyaspor,2009-2010,29,27.5,6,826000,23950000
Ankaraspor,2009-2010,41,23.9,7,494000,20250000
Kasımpaşa,2009-2010,38,28,10,532000,20200000
Manisaspor,2009-2010,35,25.8,9,568000,19880000
Denizlispor,2009-2010,39,26.2,10,471000,18350000
Diyarbakırspor,2009-2010,44,28.2,16,403000,17750000
Fenerbahçe,2010-2011,36,26.2,11,3910000,140650000
Beşiktaş,2010-2011,44,26.7,17,2910000,128250000
Galatasaray,2010-2011,38,25.8,12,3090000,117450000
Trabzonspor,2010-2011,31,26,9,2590000,80380000
Bursaspor,2010-2011,36,25.7,12,1820000,65550000
Kayserispor,2010-2011,33,25,13,1210000,39800000
Gaziantepspor,2010-2011,33,25.7,10,1160000,38300000
Ankaragücü,2010-2011,38,26.4,12,986000,37450000
Büyükşehir Bld,2010-2011,34,26.5,7,1040000,35250000
Gençlerbirliği,2010-2011,37,24.9,14,889000,32900000
Eskişehirspor,2010-2011,31,26.4,10,992000,30750000
Sivasspor,2010-2011,37,27.3,15,819000,30300000
Manisaspor,2010-2011,35,26.6,11,719000,25150000
Antalyaspor,2010-2011,27,28.3,6,865000,23350000
Konyaspor,2010-2011,46,26.6,16,500000,23000000
Kardemir Karabük,2010-2011,34,27.9,9,626000,21300000
Bucaspor,2010-2011,48,25.8,13,436000,20950000
Kasımpaşa,2010-2011,33,26.1,11,521000,17200000
Fenerbahçe,2011-2012,31,26.3,9,4270000,132500000
Galatasaray,2011-2012,32,26.7,8,3890000,124500000
Beşiktaş,2011-2012,30,26.8,16,3570000,107150000
Trabzonspor,2011-2012,34,27,14,2940000,99950000
Bursaspor,2011-2012,37,25.4,14,1700000,62800000
Gaziantepspor,2011-2012,32,25.7,10,1590000,50850000
Kayserispor,2011-2012,32,23.9,12,1490000,47750000
Eskişehirspor,2011-2012,29,27.1,10,1380000,40150000
Sivasspor,2011-2012,32,26.5,14,1190000,38230000
İstanbul BBSK,2011-2012,31,27.5,10,1210000,37650000
Orduspor,2011-2012,34,26.9,11,999000,33950000
Kardemir Karabük,2011-2012,47,26.7,12,662000,31100000
Manisaspor,2011-2012,32,26,11,969000,31000000
Gençlerbirliği,2011-2012,32,25.6,9,963000,30830000
Antalyaspor,2011-2012,33,28.6,7,929000,30650000
Samsunspor,2011-2012,40,25.8,12,695000,27800000
Mersin İY,2011-2012,32,28.1,16,755000,24150000
Ankaragücü,2011-2012,46,23.7,6,474000,21830000
Galatasaray,2012-2013,33,28.6,12,4610000,152100000
Fenerbahçe,2012-2013,38,26.2,11,3740000,142050000
Beşiktaş,2012-2013,34,24.9,10,2740000,93200000
Trabzonspor,2012-2013,32,26.6,13,2420000,77350000
Bursaspor,2012-2013,43,24.7,13,1580000,68100000
Kasımpaşa,2012-2013,31,27.6,12,1460000,45300000
Eskişehirspor,2012-2013,34,25.4,12,1330000,45200000
Gaziantepspor,2012-2013,38,25.4,13,1190000,45200000
Gençlerbirliği,2012-2013,35,24.9,11,1280000,44950000
Kayserispor,2012-2013,33,24.5,14,1290000,42600000
Sivasspor,2012-2013,35,27.1,13,1170000,41080000
İstanbul BBSK,2012-2013,32,27.5,13,1150000,36950000
Antalyaspor,2012-2013,34,25.9,9,934000,31750000
Kardemir Karabük,2012-2013,36,27.7,10,858000,30900000
Mersin İY,2012-2013,53,27.1,18,548000,29050000
Orduspor,2012-2013,37,25.7,10,769000,28450000
Elazığspor,2012-2013,43,28,13,388000,16680000
Akhisar Belediye,2012-2013,36,26.8,9,370000,13330000
Galatasaray,2013-2014,45,26.7,16,4080000,183800000
Fenerbahçe,2013-2014,39,26.1,12,3770000,146950000
Beşiktaş,2013-2014,47,25.1,14,2350000,110300000
Trabzonspor,2013-2014,35,26.9,11,2720000,95300000
Bursaspor,2013-2014,42,25,12,1440000,60280000
Eskişehirspor,2013-2014,47,25,14,1110000,52280000
Kasımpaşa,2013-2014,33,26.5,9,1500000,49530000
Antalyaspor,2013-2014,49,26.3,14,939000,46000000
Gençlerbirliği,2013-2014,46,24.2,16,997000,45880000
Kayserispor,2013-2014,36,24.4,16,1250000,44850000
Sivasspor,2013-2014,35,27,13,1240000,43330000
Karabükspor,2013-2014,34,26.4,10,1220000,41430000
Gaziantepspor,2013-2014,36,26.9,12,1050000,37780000
K. Erciyesspor,2013-2014,40,27.4,14,842000,33680000
Ç. Rizespor,2013-2014,44,26.1,13,702000,30900000
Konyaspor,2013-2014,41,26.1,13,679000,27850000
Elazığspor,2013-2014,45,26.2,15,511000,23000000
Akhisar Belediye,2013-2014,39,26.6,10,493000,19230000
Galatasaray,2014-2015,34,26.9,10,4179999.999999999,142200000
Beşiktaş,2014-2015,38,24.6,11,3100000,117930000
Fenerbahçe,2014-2015,37,26.3,9,2850000,105330000
Trabzonspor,2014-2015,37,26,10,2620000,96800000
Bursaspor,2014-2015,33,25.3,11,2450000,80700000
Eskişehirspor,2014-2015,38,25.2,9,1460000,55630000
Kasımpaşa,2014-2015,32,25.8,10,1600000,51250000
Başakşehir,2014-2015,33,28.2,11,1430000,47200000
Gençlerbirliği,2014-2015,35,25.8,13,1330000,46400000
Ç. Rizespor,2014-2015,33,26.3,11,1130000,37150000
Sivasspor,2014-2015,29,28.3,8,1240000,35900000
Gaziantepspor,2014-2015,34,25.6,14,993000,33750000
Karabükspor,2014-2015,33,25.9,10,995000,32830000
Konyaspor,2014-2015,30,27.4,12,1090000,32830000
Akhisar Belediye,2014-2015,40,27.6,13,778000,31100000
K. Erciyesspor,2014-2015,40,25.7,12,742000,29680000
Mersin İY,2014-2015,33,27,14,733000,24200000
Balıkesirspor,2014-2015,35,26,11,672000,23530000
Fenerbahçe,2015-2016,40,25.9,14,4220000,168800000
Beşiktaş,2015-2016,36,26,15,3550000,127950000
Galatasaray,2015-2016,34,27,12,3450000,117230000
Trabzonspor,2015-2016,50,25,14,2150000,107300000
Bursaspor,2015-2016,42,25.4,17,1930000,81000000
Kasımpaşa,2015-2016,33,26.6,14,1690000,55650000
Başakşehir,2015-2016,30,27.7,9,1800000,54100000
Antalyaspor,2015-2016,48,26.6,19,991000,47550000
Osmanlıspor FK,2015-2016,38,28.1,17,1170000,44600000
Kayserispor,2015-2016,32,25.9,14,1230000,39350000
Eskişehirspor,2015-2016,47,25.4,19,821000,38580000
Gaziantepspor,2015-2016,40,25,14,958000,38300000
Gençlerbirliği,2015-2016,36,26.8,14,1040000,37350000
Ç. Rizespor,2015-2016,29,25.8,11,1260000,36650000
Konyaspor,2015-2016,33,27.4,15,1090000,36050000
Akhisar Belediye,2015-2016,34,28.4,12,1020000,34750000
Sivasspor,2015-2016,34,28.4,13,943000,32049999.999999996
Mersin İY,2015-2016,35,26.5,11,619000,21680000
Beşiktaş,2016-2017,45,26.8,22,3040000,136800000
Fenerbahçe,2016-2017,38,26.2,14,2740000,103950000
Galatasaray,2016-2017,39,26.5,14,2270000,88350000
Başakşehir,2016-2017,38,27.9,14,1580000,60000000
Trabzonspor,2016-2017,32,26.4,14,1870000,59850000
Osmanlıspor FK,2016-2017,43,26.5,20,1120000,48300000
Bursaspor,2016-2017,38,26,12,939000,35700000
Gençlerbirliği,2016-2017,47,25.5,19,740000,34780000
Kayserispor,2016-2017,36,26.4,18,954000,34350000
Akhisar Belediye,2016-2017,38,28.2,16,874000,33200000.000000004
Kasımpaşa,2016-2017,36,24.8,13,904000,32549999.999999996
Konyaspor,2016-2017,30,26.8,13,1060000,31800000
Alanyaspor,2016-2017,37,27,20,859000,31780000
Antalyaspor,2016-2017,37,26.8,17,784000,29000000
Ç. Rizespor,2016-2017,40,24.1,16,719000,28750000
Gaziantepspor,2016-2017,40,26.2,20,617000,24680000
Karabükspor,2016-2017,41,27.3,20,551000,22580000
Adanaspor,2016-2017,34,25.2,14,467000,15880000
Beşiktaş,2017-2018,40,27.4,21,3060000,122550000
Galatasaray,2017-2018,41,25.9,18,2340000,96050000
Fenerbahçe,2017-2018,35,27.3,16,2140000,74930000
Trabzonspor,2017-2018,34,26.5,14,1900000,64550000
Başakşehir,2017-2018,33,29.2,14,1570000,51800000
Bursaspor,2017-2018,44,25.6,21,725000,31900000
Antalyaspor,2017-2018,36,28.1,17,838000,30150000
Alanyaspor,2017-2018,38,27.3,20,768000,29180000
Konyaspor,2017-2018,35,27.6,18,751000,26280000
Osmanlıspor FK,2017-2018,43,27.5,19,593000,25500000
Göztepe,2017-2018,37,26.6,18,665000,24600000
Kasımpaşa,2017-2018,32,25.7,15,744000,23800000
Sivasspor,2017-2018,35,27.7,16,655000,22930000
Kayserispor,2017-2018,33,27,17,686000,22650000
Y. Malatyaspor,2017-2018,36,26.9,16,520000,18730000
Akhisarspor,2017-2018,32,28.6,12,581000,18600000
Gençlerbirliği,2017-2018,35,27,18,483000,16900000
Karabükspor,2017-2018,44,27.8,20,335000,14750000
Galatasaray,2018-2019,43,25.9,19,3020000,129800000
Fenerbahçe,2018-2019,47,26.6,20,2200000,103500000
Beşiktaş,2018-2019,42,27.1,18,1850000,77750000
Trabzonspor,2018-2019,38,25.4,13,1590000,60300000
Başakşehir,2018-2019,42,28.7,22,1300000,54630000
Alanyaspor,2018-2019,34,28.7,17,1160000,39450000
Kasımpaşa,2018-2019,35,24.7,16,981000,34350000
Ç. Rizespor,2018-2019,45,26.3,21,656000,29500000
Bursaspor,2018-2019,38,25.2,14,741000,28150000
Y. Malatyaspor,2018-2019,47,25.6,15,527000,24750000
Sivasspor,2018-2019,30,28.8,14,770000,23100000
Konyaspor,2018-2019,41,27,18,549000,22530000
Antalyaspor,2018-2019,44,26.2,14,482000,21230000
Ankaragücü,2018-2019,50,28.2,26,422000,21080000
Kayserispor,2018-2019,34,26.1,13,570000,19380000
Göztepe,2018-2019,37,26.6,17,520000,19250000
BB Erzurumspor,2018-2019,35,27.9,17,458000,16030000.000000002
Akhisarspor,2018-2019,39,28.3,16,302000,11780000
Galatasaray,2019-2020,42,26.6,21,2500000,105130000
Trabzonspor,2019-2020,42,24.8,17,2070000,87030000
Fenerbahçe,2019-2020,39,26.3,14,1950000,75900000
Beşiktaş,2019-2020,37,26.5,17,1710000,63250000
Başakşehir,2019-2020,38,28.8,20,1420000,53850000
Kasımpaşa,2019-2020,48,25.7,20,625000,30000000
Sivasspor,2019-2020,31,28.8,15,881000,27300000
Ç. Rizespor,2019-2020,37,25.9,19,613000,22680000
Y. Malatyaspor,2019-2020,37,27.2,16,603000,22330000
Kayserispor,2019-2020,58,25.5,20,372000,21580000
Alanyaspor,2019-2020,34,28.5,13,626000,21300000
Konyaspor,2019-2020,38,27.2,18,532000,20230000
Gaziantep FK,2019-2020,33,27.7,15,609000,20100000
Antalyaspor,2019-2020,49,26.1,16,391000,19150000
Göztepe,2019-2020,37,27.5,15,466000,17230000
Denizlispor,2019-2020,34,27.8,14,469000,15950000
Gençlerbirliği,2019-2020,35,26.9,16,393000,13750000
Ankaragücü,2019-2020,46,26.8,18,258000,11850000
Fenerbahçe,2020-2021,44,27,20,2620000,115450000
Galatasaray,2020-2021,36,27.2,20,2990000,107630000
Beşiktaş,2020-2021,35,26.2,18,2990000,104500000
Trabzonspor,2020-2021,43,24.6,17,2310000,99130000
Başakşehir,2020-2021,44,26.9,17,1570000,69230000
Alanyaspor,2020-2021,32,27,12,1550000,49680000
Kasımpaşa,2020-2021,39,26.1,19,997000,38880000
Karagümrük,2020-2021,44,27.1,23,874000,38450000
Göztepe,2020-2021,42,26,17,893000,37530000
Hatayspor,2020-2021,39,26.3,17,927000,36150000
Sivasspor,2020-2021,33,29.1,15,930000,30700000
Ç. Rizespor,2020-2021,42,27.7,21,731000,30700000
Antalyaspor,2020-2021,37,26.2,12,817000,30230000
Konyaspor,2020-2021,43,26.4,20,695000,29880000
Y. Malatyaspor,2020-2021,40,26.4,19,712000,28480000
Gaziantep FK,2020-2021,35,28,16,785000,27480000
Kayserispor,2020-2021,47,26,23,490000,23030000
Ankaragücü,2020-2021,42,25.4,18,493000,20700000
Gençlerbirliği,2020-2021,43,25.5,14,377000,16230000
BB Erzurumspor,2020-2021,47,28.4,24,330000,15530000
Denizlispor,2020-2021,45,25.9,18,315000,14180000
Fenerbahçe,2021-2022,44,24.6,17,3460000,152130000
Galatasaray,2021-2022,46,26.9,21,2840000,130630000
Trabzonspor,2021-2022,41,26.2,16,3020000,123880000
Beşiktaş,2021-2022,41,26.4,17,2480000,101530000
Başakşehir,2021-2022,42,27.1,14,1500000,62880000
Alanyaspor,2021-2022,41,25.4,16,1280000,52280000
Konyaspor,2021-2022,33,27.5,15,1420000,46900000
Adana Demirspor,2021-2022,41,27,18,1120000,46000000
Kasımpaşa,2021-2022,39,26.7,18,1110000,43150000
Kayserispor,2021-2022,47,26.1,20,870000,40900000
Antalyaspor,2021-2022,41,26.5,18,918000,37650000
Hatayspor,2021-2022,35,26.2,15,1030000,36180000
Karagümrük,2021-2022,40,27.2,19,904000,36150000
Giresunspor,2021-2022,43,24.6,15,737000,31700000
Sivasspor,2021-2022,35,28.1,14,874000,30580000
Gaziantep FK,2021-2022,35,27.2,16,865000,30280000
Göztepe,2021-2022,49,24.7,16,504000,24680000
Ç. Rizespor,2021-2022,43,26.7,19,558000,24000000
Y. Malatyaspor,2021-2022,49,24.7,18,416000,20380000
Altay SK,2021-2022,36,27,13,396000,14250000
Galatasaray,2022-2023,42,26.4,21,4830000,202650000
Fenerbahçe,2022-2023,43,26.1,21,4490000,193230000
Trabzonspor,2022-2023,47,25.5,18,2880000,135300000
Beşiktaş,2022-2023,44,26.8,20,2900000,127700000
Başakşehir,2022-2023,43,27.1,23,1750000,75100000
Adana Demirspor,2022-2023,44,27.8,23,1310000,57650000
Konyaspor,2022-2023,38,26.9,20,1280000,48580000
Alanyaspor,2022-2023,42,25.8,20,1030000,43280000
Antalyaspor,2022-2023,43,26.4,18,967000,41600000
Ankaragücü,2022-2023,51,26.5,21,794000,40480000
Karagümrük,2022-2023,40,26.9,21,1010000,40330000
Kasımpaşa,2022-2023,47,26.4,19,835000,39230000
Kayserispor,2022-2023,36,26.1,15,863000,31050000
Sivasspor,2022-2023,38,27.9,17,761000,28930000
Gaziantep FK,2022-2023,30,27.1,16,803000,24100000
Hatayspor,2022-2023,34,27.5,15,677000,23030000
İstanbulspor,2022-2023,45,25.8,20,409000,18430000
Giresunspor,2022-2023,36,25.2,11,510000,18380000
Ümraniyespor,2022-2023,42,26.5,15,287000,12050000
Galatasaray,2023-2024,46,26.1,23,5560000,255650000
Fenerbahçe,2023-2024,55,25,19,3970000,218300000
Beşiktaş,2023-2024,49,26.1,21,3000000,146880000
Trabzonspor,2023-2024,40,25.7,18,2960000,118380000
Başakşehir,2023-2024,43,27,21,1260000,54150000
Adana Demirspor,2023-2024,52,26.2,29,1030000,53300000
Samsunspor,2023-2024,41,26.4,18,851000,34880000
Ç. Rizespor,2023-2024,42,24.8,19,813000,34150000
Kayserispor,2023-2024,39,25.8,17,873000,34050000
Ankaragücü,2023-2024,43,26.3,21,776000,33380000.000000004
Alanyaspor,2023-2024,37,26.4,16,879000,32530000
Karagümrük,2023-2024,45,27.1,24,718000,32330000
Konyaspor,2023-2024,42,26.8,21,768000,32280000
Antalyaspor,2023-2024,39,26.3,16,807000,31480000
Sivasspor,2023-2024,47,26.8,17,646000,30380000
Kasımpaşa,2023-2024,43,24.4,17,674000,28980000
Hatayspor,2023-2024,39,25.5,16,741000,28900000
Gaziantep FK,2023-2024,38,27.4,22,632000,24030000
Pendikspor,2023-2024,42,28.5,17,557000,23380000
İstanbulspor,2023-2024,44,24.7,16,294000,12930000
Galatasaray,2024-2025,49,25.7,22,6480000,317280000
Fenerbahçe,2024-2025,44,27.2,19,6130000,269830000
Beşiktaş,2024-2025,40,26,21,3430000,137380000
Trabzonspor,2024-2025,49,24.9,18,2400000,117680000
Başakşehir,2024-2025,39,26.8,19,1670000,65180000.00000001
Göztepe,2024-2025,36,24.9,16,1490000,53600000
Ç. Rizespor,2024-2025,36,25.8,16,1130000,40730000
Eyüpspor,2024-2025,44,27.4,12,806000,35480000
Kasımpaşa,2024-2025,49,23.8,17,720000,35300000
Samsunspor,2024-2025,37,25.2,15,905000,33479999.999999996
Alanyaspor,2024-2025,44,24.5,16,603000,26530000
Gaziantep FK,2024-2025,43,25.7,16,560000,24060000
Konyaspor,2024-2025,44,26,17,536000,23580000
Kayserispor,2024-2025,41,25.3,15,546000,22380000
Antalyaspor,2024-2025,40,25.4,15,552000,22080000
Bodrum FK,2024-2025,43,26.4,15,477000,20500000
Adana Demirspor,2024-2025,44,22.4,11,453000,19950000
Hatayspor,2024-2025,34,25.2,14,521000,17700000
Sivasspor,2024-2025,45,25.8,16,382000,17200000
